{
  "Crystal 1.glb": [
    {
      "name": "Object_2.001",
      "verts": 51,
      "polys": 64,
      "loc": [
        0.0,
        0.0,
        0.0
      ],
      "rot_euler": [
        0.0,
        0.0,
        0.0
      ],
      "scale": [
        1.0,
        0.7025492191314697,
        1.0
      ],
      "bbox_min": [
        -0.541733980178833,
        -0.8260709643363953,
        -0.03234490007162094
      ],
      "bbox_max": [
        1.0690799951553345,
        0.7820196151733398,
        2.227933168411255
      ],
      "materials": [
        "Scene_-_Root"
      ],
      "has_uv": true
    }
  ],
  "Crystal 2.glb": [
    {
      "name": "Object_2.004",
      "verts": 51,
      "polys": 64,
      "loc": [
        0.0,
        0.0,
        0.0
      ],
      "rot_euler": [
        0.0,
        0.0,
        0.0
      ],
      "scale": [
        1.0,
        0.7025492191314697,
        1.0
      ],
      "bbox_min": [
        -0.7921881675720215,
        -0.7848929166793823,
        -0.032344888895750046
      ],
      "bbox_max": [
        0.7860109806060791,
        0.7560116052627563,
        2.227933168411255
      ],
      "materials": [
        "Scene_-_Root.001"
      ],
      "has_uv": true
    }
  ],
  "ice_cube_texture.glb": [
    {
      "name": "Box001_Material #25_0",
      "verts": 528,
      "polys": 844,
      "loc": [
        0.0,
        0.0,
        0.0
      ],
      "rot_euler": [
        0.0,
        0.0,
        0.0
      ],
      "scale": [
        1.0,
        1.0,
        1.0
      ],
      "bbox_min": [
        -0.1989956647157669,
        -0.22779245674610138,
        -3.060593201098527e-08
      ],
      "bbox_max": [
        0.1989956647157669,
        0.22779250144958496,
        0.3671121597290039
      ],
      "materials": [
        "Material_25"
      ],
      "has_uv": true
    }
  ],
  "1.fbx": [
    {
      "name": "Torus.001",
      "verts": 1024,
      "polys": 1026,
      "loc": [
        0.0,
        0.0,
        0.0
      ],
      "rot_euler": [
        -1.6292067073209182e-07,
        0.0,
        0.0
      ],
      "scale": [
        1.0,
        1.0,
        1.0
      ],
      "bbox_min": [
        0.5674648880958557,
        -1.2926205396652222,
        -0.17475146055221558
      ],
      "bbox_max": [
        1.4666956663131714,
        0.34747710824012756,
        0.17475160956382751
      ],
      "materials": [],
      "has_uv": true
    }
  ],
  "2.fbx": [
    {
      "name": "Torus.006",
      "verts": 896,
      "polys": 898,
      "loc": [
        0.0,
        0.0,
        0.0
      ],
      "rot_euler": [
        -1.6292067073209182e-07,
        0.0,
        0.0
      ],
      "scale": [
        1.0,
        1.0,
        1.0
      ],
      "bbox_min": [
        -0.826766312122345,
        -1.4666956663131714,
        -0.17475120723247528
      ],
      "bbox_max": [
        0.6754094958305359,
        -1.0007433891296387,
        0.17475160956382751
      ],
      "materials": [],
      "has_uv": true
    }
  ],
  "3.fbx": [
    {
      "name": "Torus.007",
      "verts": 896,
      "polys": 898,
      "loc": [
        0.0,
        0.0,
        0.0
      ],
      "rot_euler": [
        -1.6292067073209182e-07,
        0.0,
        0.0
      ],
      "scale": [
        1.0,
        1.0,
        1.0
      ],
      "bbox_min": [
        -1.4666956663131714,
        -1.2005802392959595,
        -0.174751415848732
      ],
      "bbox_max": [
        -0.6930640339851379,
        0.17501448094844818,
        0.17475156486034393
      ],
      "materials": [],
      "has_uv": true
    }
  ],
  "4.fbx": [
    {
      "name": "Torus.004",
      "verts": 704,
      "polys": 706,
      "loc": [
        0.0,
        0.0,
        0.0
      ],
      "rot_euler": [
        -1.6292067073209182e-07,
        0.0,
        0.0
      ],
      "scale": [
        1.0,
        1.0,
        1.0
      ],
      "bbox_min": [
        -1.4531052112579346,
        0.14768953621387482,
        -0.17475156486034393
      ],
      "bbox_max": [
        -0.8085570335388184,
        1.091280221939087,
        0.17475135624408722
      ],
      "materials": [],
      "has_uv": true
    }
  ],
  "5.fbx": [
    {
      "name": "Torus.003",
      "verts": 1152,
      "polys": 1154,
      "loc": [
        0.0,
        0.0,
        0.0
      ],
      "rot_euler": [
        -1.6292067073209182e-07,
        0.0,
        0.0
      ],
      "scale": [
        1.0,
        1.0,
        1.0
      ],
      "bbox_min": [
        -0.9660671949386597,
        0.8085569143295288,
        -0.1747516244649887
      ],
      "bbox_max": [
        1.091280221939087,
        1.4666956663131714,
        0.17475128173828125
      ],
      "materials": [],
      "has_uv": true
    }
  ],
  "6.fbx": [
    {
      "name": "Torus.002",
      "verts": 576,
      "polys": 578,
      "loc": [
        0.0,
        0.0,
        0.0
      ],
      "rot_euler": [
        -1.6292067073209182e-07,
        0.0,
        0.0
      ],
      "scale": [
        1.0,
        1.0,
        1.0
      ],
      "bbox_min": [
        0.9114332795143127,
        0.2932256758213043,
        -0.17475154995918274
      ],
      "bbox_max": [
        1.4198203086853027,
        0.9660669565200806,
        0.17475135624408722
      ],
      "materials": [],
      "has_uv": true
    }
  ]
}